Trial#,SpikeTimes (seconds) in columns ,,,,,,,,,,,,,,,,,,,,,,,,,,,,,,,,,,,,,,,,,,,,,,,,,,,,,,,,,,,,,,,,,,,,,,,,,,,,,,,,,,,,,,,,
1,-0.9893333333,-0.9402,-0.9158,-0.8480333333,-0.7470333333,-0.6427333333,-0.5504333333,-0.4434,-0.3884666667,-0.3116666667,-0.2224333333,-0.2035666667,-0.1743333333,-0.1491666667,-0.1366,-0.1076333333,-0.09136666667,-0.08046666667,-0.05693333333,-0.05433333333,-0.03563333333,-0.01633333333,0.0139,0.0259,0.0473,0.0621,0.07923333333,0.09503333333,0.1165,0.1418,0.1752333333,0.2037666667,0.2205,0.241,0.269,0.2867666667,0.3055,0.3382333333,0.3654,0.406,0.442,0.4816666667,0.5756666667,0.6103666667,0.6655333333,0.6946333333,0.7293333333,0.8047,0.8363333333,0.8897,0.9714333333,0.9973,,,,,,,,,,,,,,,,,,,,,,,,,,,,,,,,,,,,,
2,-0.9899666667,-0.966,-0.9449333333,-0.8827666667,-0.8594,-0.8199,-0.7695,-0.7076333333,-0.6633666667,-0.627,-0.6080333333,-0.5698666667,-0.526,-0.463,-0.4205333333,-0.3812333333,-0.3007,-0.2608666667,-0.2474333333,-0.1978,-0.1668666667,-0.1331666667,-0.05966666667,-0.02106666667,-0.006266666667,0.02136666667,0.04526666667,0.0635,0.0837,0.1343,0.1726,0.1891,0.2177,0.2786666667,0.3313333333,0.3707,0.3847,0.4199666667,0.4604,0.5140333333,0.5475333333,0.5713,0.6429333333,0.6977666667,0.7248666667,0.7904,0.8453,0.8737,0.9123,0.9623,0.9734666667,,,,,,,,,,,,,,,,,,,,,,,,,,,,,,,,,,,,,,
3,-0.9751333333,-0.9293333333,-0.9039666667,-0.8758666667,-0.8292333333,-0.7999,-0.7743333333,-0.7272,-0.7186666667,-0.6965666667,-0.6756333333,-0.6346666667,-0.5988,-0.5806,-0.5521333333,-0.5360333333,-0.5163,-0.4917,-0.4624333333,-0.4396,-0.4168666667,-0.378,-0.3450333333,-0.3289,-0.3157,-0.2962333333,-0.2794,-0.2445666667,-0.2220666667,-0.2010333333,-0.1894333333,-0.1606333333,-0.1479666667,-0.1247333333,-0.1072,-0.1007333333,-0.0745,-0.0472,-0.0313,-0.01716666667,-0.0017,0.009166666667,0.02823333333,0.0493,0.0661,0.089,0.1003666667,0.1272,0.1456,0.1521666667,0.1714333333,0.1817666667,0.1926,0.2132,0.2327,0.2501666667,0.2574,0.2855333333,0.2942666667,0.3156333333,0.3344666667,0.3668666667,0.3858666667,0.3956333333,0.4494666667,0.4765,0.5163666667,0.5705333333,0.6285333333,0.6854666667,0.7049333333,0.7703666667,0.7943666667,0.8323333333,0.8472333333,0.8510333333,0.8685,0.8817666667,0.9069666667,0.9274666667,0.9414666667,0.9600666667,0.9778333333,0.9897666667,,,,,
4,-0.9897333333,-0.9592333333,-0.9358333333,-0.9065666667,-0.8641,-0.8426333333,-0.8032666667,-0.7743333333,-0.7346666667,-0.6918666667,-0.6673666667,-0.6564666667,-0.6203,-0.5914,-0.5433666667,-0.5034333333,-0.4735,-0.4426333333,-0.3834666667,-0.3612666667,-0.3288333333,-0.2885666667,-0.262,-0.2299,-0.2026666667,-0.1606666667,-0.1380666667,-0.1064,-0.08493333333,-0.0672,-0.0447,-0.0244,-0.003066666667,0.01026666667,0.0303,0.04716666667,0.07013333333,0.08623333333,0.08956666667,0.09913333333,0.1063,0.1323333333,0.1433,0.1544666667,0.1762666667,0.1917333333,0.2109,0.2212666667,0.2525,0.2667333333,0.2866666667,0.2973666667,0.3136333333,0.3221333333,0.3400666667,0.3545333333,0.3690666667,0.3842333333,0.3962666667,0.4021666667,0.4197333333,0.4405333333,0.4725,0.4852,0.5103,0.5330333333,0.5672666667,0.6025666667,0.6285333333,0.6638333333,0.7210666667,0.7639666667,0.8270666667,0.8687,0.9232333333,,,,,,,,,,,,,,
5,-0.9880333333,-0.9572333333,-0.9037666667,-0.8693,-0.6219666667,-0.4538333333,-0.3538,-0.317,-0.299,-0.2444,-0.1884,-0.1374666667,-0.1012666667,-0.08656666667,-0.06216666667,-0.0253,-0.01166666667,0.001933333333,0.02073333333,0.04696666667,0.08336666667,0.1196333333,0.1403666667,0.1542666667,0.1725666667,0.1906666667,0.2135666667,0.2280666667,0.2482,0.2900666667,0.3148333333,0.3342333333,0.3603333333,0.3671,0.3828666667,0.4146333333,0.4349666667,0.4666666667,0.4866333333,0.5067333333,0.5499,0.576,0.6227333333,0.6714,0.7129666667,0.7714666667,0.81,0.9483,,,,,,,,,,,,,,,,,,,,,,,,,,,,,,,,,,,,,,,,,
6,-0.9823333333,-0.9630333333,-0.9269666667,-0.8988666667,-0.8590666667,-0.8260333333,-0.7966333333,-0.7489,-0.7217333333,-0.7011333333,-0.6672666667,-0.6333,-0.5841666667,-0.5313666667,-0.4474666667,-0.4002,-0.3568,-0.3309,-0.2889666667,-0.2611,-0.2176666667,-0.1977333333,-0.1760333333,-0.1513666667,-0.1258,-0.1136666667,-0.03383333333,-0.0048,0.03013333333,0.0679,0.0961,0.1124,0.1337333333,0.1550333333,0.1718333333,0.1902333333,0.2097666667,0.2246333333,0.2413,0.2591333333,0.2724333333,0.2877333333,0.3042,0.3237666667,0.3364,0.3528333333,0.3703333333,0.3990666667,0.4076,0.4287,0.4549333333,0.4826333333,0.5138333333,0.6033666667,0.6864333333,0.7543333333,0.7871333333,0.8396,0.8976666667,0.9300666667,0.9700666667,,,,,,,,,,,,,,,,,,,,,,,,,,,,
7,-0.9915333333,-0.9623333333,-0.9264,-0.9095,-0.8708333333,-0.8363,-0.8091666667,-0.7636,-0.7006333333,-0.6750333333,-0.6569333333,-0.6208666667,-0.5885333333,-0.5785666667,-0.5652,-0.5412,-0.5057333333,-0.4888333333,-0.4656666667,-0.4418333333,-0.4023666667,-0.3721333333,-0.3554333333,-0.3221333333,-0.2947,-0.2362666667,-0.2274666667,-0.1952333333,-0.1729,-0.1507666667,-0.1118,-0.07253333333,-0.04143333333,-0.01693333333,0.004133333333,0.04323333333,0.08176666667,0.0935,0.1119666667,0.1287333333,0.1509666667,0.1560666667,0.1811333333,0.2003666667,0.2105333333,0.2267333333,0.2396333333,0.2501666667,0.2543333333,0.2739,0.2871,0.3037666667,0.3364333333,0.3486,0.3727666667,0.3915333333,0.4165,0.4355,0.4778666667,0.4973666667,0.5585333333,0.6073333333,0.6625666667,0.6902666667,0.7569333333,0.7923,0.828,0.8642666667,0.8927,0.9349666667,0.9613666667,0.9936333333,,,,,,,,,,,,,,,,,
8,-0.9797333333,-0.9316666667,-0.8830666667,-0.8337666667,-0.8001,-0.7830333333,-0.7539,-0.6852,-0.6477333333,-0.601,-0.5444333333,-0.5141666667,-0.4749,-0.4519,-0.3755,-0.3322,-0.2235333333,-0.2080666667,-0.1772333333,-0.1578333333,-0.1221333333,-0.1138,-0.09163333333,-0.07473333333,-0.05866666667,-0.0446,-0.02526666667,-0.01886666667,-0.0039,0.02156666667,0.04073333333,0.0472,0.05383333333,0.07143333333,0.08873333333,0.1057333333,0.1242666667,0.1384,0.1445666667,0.1597666667,0.1681333333,0.1756666667,0.1806333333,0.2093,0.2221666667,0.2403333333,0.2622,0.2696333333,0.2964666667,0.3156333333,0.3279666667,0.3468333333,0.3729666667,0.3869333333,0.4191,0.4366,0.4792,0.4881,0.5273666667,0.5720666667,0.6091,0.6467333333,0.6654,0.7328,0.7652,0.8295333333,0.8698,0.9581666667,0.9904666667,,,,,,,,,,,,,,,,,,,,
9,-0.9357333333,-0.8996,-0.8784666667,-0.8431,-0.8094666667,-0.7404666667,-0.6906666667,-0.6667,-0.6341666667,-0.5926333333,-0.5731333333,-0.5229666667,-0.5010333333,-0.4598333333,-0.4359333333,-0.4060333333,-0.3905,-0.3828,-0.3643333333,-0.3469,-0.3243,-0.2979666667,-0.2630333333,-0.2475,-0.2253,-0.2118333333,-0.1997333333,-0.1826666667,-0.1664333333,-0.1508333333,-0.1341333333,-0.1271333333,-0.1077,-0.09726666667,-0.0615,-0.0439,-0.0257,-0.005466666667,0.008866666667,0.0293,0.03963333333,0.0583,0.06363333333,0.07853333333,0.1171666667,0.1386333333,0.1541,0.1609333333,0.1841,0.2023333333,0.2176,0.2208666667,0.2466666667,0.2569,0.2721666667,0.2847333333,0.3109333333,0.3344666667,0.3546,0.4022333333,0.4411666667,0.482,0.5207,0.6072,0.6548666667,0.6717666667,0.7037666667,0.7286,0.7554,0.7844666667,0.8033333333,0.8497333333,0.8702333333,0.8913,0.9233,0.9526333333,0.9919333333,,,,,,,,,,,,
10,-0.9613666667,-0.9203333333,-0.8822333333,-0.8504,-0.8218666667,-0.777,-0.7417333333,-0.6923333333,-0.6762666667,-0.6499333333,-0.6219,-0.5983333333,-0.5757666667,-0.5582333333,-0.5413,-0.5126,-0.4830666667,-0.4593333333,-0.4484,-0.4088,-0.39,-0.3751,-0.3641666667,-0.3355666667,-0.32,-0.3045666667,-0.3017666667,-0.2696333333,-0.2574,-0.2502333333,-0.2362333333,-0.2135666667,-0.2019666667,-0.1969333333,-0.1767666667,-0.1687333333,-0.1512333333,-0.1344,-0.1282,-0.1132333333,-0.09786666667,-0.08486666667,-0.07366666667,-0.06456666667,-0.04946666667,-0.03336666667,-0.02106666667,-0.0072,0.01683333333,0.03356666667,0.04416666667,0.0626,0.0834,0.09236666667,0.1134,0.1385,0.1531,0.1613666667,0.1725,0.1930333333,0.2104,0.2256666667,0.237,0.2592,0.2689,0.2897666667,0.3001,0.3218,0.3423333333,0.3565666667,0.3899666667,0.4246333333,0.4647333333,0.4861333333,0.5282,0.5893333333,0.6433666667,0.6871,0.7217,0.8008666667,0.8500666667,0.8906,0.9246666667,0.9435666667,0.9597333333,,,,
11,-0.9795333333,-0.9507333333,-0.9228333333,-0.8850333333,-0.8572666667,-0.8329666667,-0.7963666667,-0.7686,-0.7001666667,-0.6488333333,-0.6189666667,-0.5939666667,-0.5593333333,-0.5509,-0.5258,-0.518,-0.4776333333,-0.4441333333,-0.4076666667,-0.3809333333,-0.3616,-0.3457,-0.3334333333,-0.3195,-0.3022333333,-0.2894666667,-0.2840333333,-0.2809,-0.2527,-0.2033333333,-0.1772,-0.1546333333,-0.1268,-0.1068,-0.08063333333,-0.06286666667,-0.05426666667,-0.03883333333,-0.01703333333,0.001133333333,0.02063333333,0.0384,0.05196666667,0.07186666667,0.0814,0.1133666667,0.1361333333,0.1637666667,0.1745333333,0.1882666667,0.2142,0.2425333333,0.2580666667,0.2852666667,0.31,0.3256666667,0.3684,0.5401,0.579,0.6045,0.6306,0.67,0.7207,0.7717,0.8041,0.8612666667,0.8937,0.9340333333,0.9843333333,,,,,,,,,,,,,,,,,,,,
12,-0.9895333333,-0.9507666667,-0.9438,-0.9138333333,-0.8809333333,-0.8653,-0.8499666667,-0.8239333333,-0.8101666667,-0.7944666667,-0.7775333333,-0.7687666667,-0.7581,-0.7418333333,-0.7274,-0.71,-0.6747333333,-0.6323333333,-0.5971333333,-0.5569666667,-0.5281333333,-0.5109333333,-0.4876,-0.4645666667,-0.4577333333,-0.4252333333,-0.4060333333,-0.3868666667,-0.3759,-0.3623666667,-0.3423,-0.3195666667,-0.3091333333,-0.2901666667,-0.2805333333,-0.2649,-0.2593333333,-0.2238333333,-0.2094333333,-0.1928,-0.1789,-0.1556,-0.1404666667,-0.1216666667,-0.1055,-0.0947,-0.08013333333,-0.06373333333,-0.0543,-0.03873333333,-0.01766666667,0.007133333333,0.01606666667,0.02813333333,0.04343333333,0.06283333333,0.07413333333,0.0884,0.1136666667,0.1312666667,0.1557333333,0.1791333333,0.1881666667,0.1960333333,0.2272333333,0.2441666667,0.2707,0.3092666667,0.3317666667,0.3551,0.3753,0.4051,0.4409333333,0.4742,0.4997333333,0.5471,0.5712666667,0.5966333333,0.6157666667,0.6368333333,0.6697666667,0.6841,0.7418333333,0.7939666667,0.8303333333,0.8722666667,0.8962333333,0.9357666667,0.9862666667
13,-0.9843,-0.9464333333,-0.9104666667,-0.8844,-0.8471,-0.8213,-0.8089333333,-0.7544666667,-0.7036666667,-0.6666666667,-0.6442666667,-0.6006,-0.5792,-0.5282666667,-0.4594666667,-0.4264,-0.3876333333,-0.3723,-0.3542333333,-0.3296,-0.2910333333,-0.2662666667,-0.2462,-0.2162666667,-0.1990666667,-0.1586,-0.1341666667,-0.1171333333,-0.1045666667,-0.079,-0.06033333333,-0.02906666667,-0.0092,0.0056,0.024,0.0466,0.06766666667,0.08076666667,0.1115333333,0.1515333333,0.1677666667,0.1819,0.2153,0.2356,0.2580333333,0.2814,0.3604,0.4130333333,0.4381333333,0.5042333333,0.5581,0.5908,0.6202666667,0.6427666667,0.6679,0.6911666667,0.7202666667,0.7432,0.7669333333,0.7915333333,0.8267,0.8502333333,0.8751,0.9299666667,0.9703,,,,,,,,,,,,,,,,,,,,,,,,
14,-0.9863666667,-0.9556666667,-0.9273333333,-0.8252,-0.7839333333,-0.7595,-0.7193,-0.6987333333,-0.689,-0.664,-0.6394666667,-0.5890333333,-0.5381333333,-0.489,-0.4365333333,-0.3237333333,-0.2694,-0.2391333333,-0.2153333333,-0.1529666667,-0.1076333333,-0.06193333333,-0.03013333333,-0.01046666667,0.02293333333,0.03906666667,0.06023333333,0.0769,0.0832,0.09926666667,0.1075333333,0.1272,0.1428,0.1503666667,0.1665333333,0.1833,0.2013,0.2119,0.2208,0.2359333333,0.2512,0.2612666667,0.2811,0.2937,0.3115333333,0.3245666667,0.3636333333,0.3833666667,0.4214333333,0.4548333333,0.4966666667,0.5149,0.5619666667,0.6393,0.6653333333,0.7635333333,0.8104666667,0.8366666667,0.8596666667,0.9139666667,0.9351,0.9686333333,0.9946666667,,,,,,,,,,,,,,,,,,,,,,,,,,
15,-0.9673333333,-0.8714666667,-0.7769666667,-0.7368,-0.7126333333,-0.6680333333,-0.5867,-0.5337666667,-0.4716333333,-0.4027,-0.3542333333,-0.3270666667,-0.2826333333,-0.2618,-0.2481,-0.2037333333,-0.1702666667,-0.1523666667,-0.1234666667,-0.0925,-0.06783333333,-0.0519,-0.02436666667,-0.0025,0.01466666667,0.0376,0.04606666667,0.06763333333,0.08253333333,0.1057,0.1158,0.1379333333,0.1598666667,0.1655666667,0.1830333333,0.1935,0.2158,0.2534666667,0.2717,0.2996333333,0.3333,0.371,0.4267333333,0.5391,0.6061666667,0.6749666667,0.718,0.7357666667,0.7501333333,0.8236666667,0.8526666667,0.8819,0.9431333333,0.9892333333,,,,,,,,,,,,,,,,,,,,,,,,,,,,,,,,,,,
16,-0.874,-0.8126666667,-0.7711333333,-0.7501,-0.7035333333,-0.6513666667,-0.5903,-0.5446333333,-0.4987333333,-0.4508,-0.438,-0.3684,-0.3461333333,-0.3226,-0.2993666667,-0.2816,-0.2625,-0.251,-0.2265666667,-0.2038333333,-0.1818,-0.1538333333,-0.1234333333,-0.09233333333,-0.06913333333,-0.0312,0.0048,0.0175,0.03796666667,0.0562,0.0829,0.1014666667,0.1183333333,0.1468666667,0.1611,0.1871,0.2087,0.2317333333,0.2448333333,0.2668333333,0.3164,0.3408666667,0.3483,0.3938333333,0.4219,0.4457,0.4572,0.5551666667,0.6222666667,0.7027666667,0.7468666667,0.799,0.8267333333,0.9219666667,0.9741333333,,,,,,,,,,,,,,,,,,,,,,,,,,,,,,,,,,
17,-0.9791,-0.9505,-0.8909666667,-0.8402,-0.7286,-0.6772,-0.6052,-0.5673666667,-0.5393,-0.4203666667,-0.3793,-0.3468666667,-0.3100333333,-0.2886,-0.2593333333,-0.2324333333,-0.2096666667,-0.1847,-0.1673333333,-0.1473,-0.1284333333,-0.1097,-0.0842,-0.05603333333,-0.04216666667,-0.03273333333,-0.02713333333,-0.0081,0.0001999999999,0.0164,0.03236666667,0.04493333333,0.0581,0.0774,0.08923333333,0.1070666667,0.1298333333,0.1496666667,0.1742333333,0.2043666667,0.2241,0.2406333333,0.2600333333,0.2925666667,0.3053666667,0.3405333333,0.357,0.3722,0.396,0.4402666667,0.4844333333,0.5273333333,0.5431333333,0.5962333333,0.6902333333,0.7671666667,0.8067666667,0.8474,0.8934666667,0.9349333333,0.9747666667,,,,,,,,,,,,,,,,,,,,,,,,,,,,
18,-0.984,-0.9126666667,-0.8596666667,-0.8395,-0.8045333333,-0.7843666667,-0.7258666667,-0.6865,-0.6347,-0.5825333333,-0.5636,-0.5257,-0.4853,-0.4504333333,-0.4210333333,-0.3875,-0.3451666667,-0.3214,-0.3094333333,-0.2946,-0.2868666667,-0.2463333333,-0.2168,-0.2016666667,-0.1627666667,-0.1486333333,-0.1260333333,-0.0954,-0.07346666667,-0.04403333333,-0.0359,-0.008633333333,-0.0007666666668,0.0185,0.03286666667,0.0462,0.06813333333,0.07556666667,0.08223333333,0.1114,0.1251333333,0.1362,0.1435,0.1664,0.1705333333,0.1871666667,0.2030333333,0.2181666667,0.2278666667,0.2390666667,0.2557,0.2763333333,0.2825333333,0.2980333333,0.3196333333,0.3544333333,0.3903333333,0.4084,0.4481333333,0.4633333333,0.5174666667,0.6188,0.6553,0.8416666667,0.8681,0.9223333333,0.9801,,,,,,,,,,,,,,,,,,,,,,
19,-0.9956666667,-0.9712666667,-0.9241333333,-0.8389,-0.7983,-0.7579333333,-0.7037333333,-0.6295,-0.5928,-0.5222666667,-0.4728666667,-0.3144,-0.2914,-0.2557333333,-0.2187333333,-0.1786666667,-0.1211,-0.077,-0.0471,-0.0326,-0.01356666667,0.003633333333,0.0161,0.03366666667,0.06076666667,0.0811,0.09533333333,0.1163666667,0.1385,0.1652666667,0.1855666667,0.2065,0.2341666667,0.2609666667,0.2769666667,0.3131666667,0.3347666667,0.3448666667,0.3688333333,0.4052333333,0.4265,0.5035,0.6077333333,0.659,0.6855333333,0.7447333333,0.8265,0.8554666667,0.9136666667,,,,,,,,,,,,,,,,,,,,,,,,,,,,,,,,,,,,,,,,
20,-0.9287333333,-0.8329333333,-0.7423666667,-0.7017666667,-0.6852333333,-0.6279,-0.5997333333,-0.5477,-0.5262666667,-0.4345333333,-0.4101333333,-0.3741666667,-0.3427666667,-0.3033,-0.2679,-0.2599333333,-0.2171666667,-0.1871666667,-0.1717,-0.1303,-0.1223,-0.07356666667,-0.05466666667,-0.02913333333,0.0015,0.02433333333,0.0541,0.0715,0.08016666667,0.1122666667,0.128,0.1536333333,0.1795333333,0.2058333333,0.2334333333,0.2515666667,0.2727,0.2953666667,0.3277666667,0.3480333333,0.3758333333,0.4120666667,0.495,0.5501,0.5885333333,0.8280666667,0.9767,,,,,,,,,,,,,,,,,,,,,,,,,,,,,,,,,,,,,,,,,,
21,-0.9484,-0.9309666667,-0.8821333333,-0.8615,-0.8441,-0.8217666667,-0.7866,-0.7077,-0.6078333333,-0.496,-0.4629,-0.3903666667,-0.3384666667,-0.2581333333,-0.1876,-0.1113,-0.0745,-0.0237,0.01626666667,0.05673333333,0.1118333333,0.1448,0.1666666667,0.1824,0.1970333333,0.2094,0.2381333333,0.2630666667,0.2732666667,0.2820333333,0.3039333333,0.3139333333,0.3216,0.333,0.3467333333,0.3732666667,0.3907,0.4052666667,0.4213666667,0.4360333333,0.4524333333,0.4613,0.4797333333,0.4976333333,0.5288666667,0.5745,0.5954333333,0.6075666667,0.6503666667,0.6809333333,0.7093,0.7413666667,0.7622666667,0.795,0.8221333333,0.8561,0.9543,,,,,,,,,,,,,,,,,,,,,,,,,,,,,,,,
22,-0.9951333333,-0.9684,-0.9454,-0.9284333333,-0.8652,-0.8456666667,-0.8032666667,-0.7733666667,-0.7576666667,-0.707,-0.637,-0.5978666667,-0.5262333333,-0.4985666667,-0.4579333333,-0.4384666667,-0.4184666667,-0.3962333333,-0.3491666667,-0.3185666667,-0.3008,-0.2785333333,-0.2561333333,-0.2225666667,-0.1972666667,-0.1571666667,-0.1235,-0.1021,-0.09206666667,-0.06863333333,-0.04583333333,-0.02993333333,-0.0054,0.0314,0.05143333333,0.0696,0.09403333333,0.1166666667,0.1359666667,0.1450333333,0.1624,0.1662666667,0.1914666667,0.2039,0.212,0.2258666667,0.2377,0.2569333333,0.2793,0.3003,0.3262333333,0.3431666667,0.3512333333,0.3833666667,0.4014666667,0.4309666667,0.4338,0.4529666667,0.4765666667,0.4951666667,0.5128666667,0.5333333333,0.5480333333,0.5741333333,0.6021,0.625,0.6434333333,0.7016,0.7292666667,0.8159,0.9662333333,,,,,,,,,,,,,,,,,,
23,-0.9016333333,-0.8423333333,-0.8027,-0.7524666667,-0.7388333333,-0.6730666667,-0.5943333333,-0.5549666667,-0.5109,-0.4274,-0.3771666667,-0.3130333333,-0.1490666667,-0.08573333333,-0.05943333333,-0.0347,0.02233333333,0.05333333333,0.07626666667,0.1390666667,0.1665666667,0.1778,0.2104,0.2203333333,0.2437666667,0.2704,0.3144333333,0.3351333333,0.3508,0.3702666667,0.3834333333,0.4128666667,0.4299,0.4428,0.4568666667,0.4669,0.4807,0.4971333333,0.5136666667,0.5262333333,0.5385666667,0.5516,0.5708,0.575,0.6009666667,0.6203333333,0.6335,0.6507,0.6707333333,0.6894666667,0.7027,0.7156333333,0.7394666667,0.7664333333,0.7824666667,0.7926666667,0.8084,0.8337666667,0.8688333333,0.8851666667,0.9175666667,0.9695666667,,,,,,,,,,,,,,,,,,,,,,,,,,,
24,-0.9722,-0.9094,-0.8809666667,-0.8057,-0.7801333333,-0.7365333333,-0.6806666667,-0.6515666667,-0.6213333333,-0.5858,-0.5424666667,-0.5336333333,-0.4988,-0.4770666667,-0.4573333333,-0.4435333333,-0.4215666667,-0.4153666667,-0.3974,-0.3909,-0.3681666667,-0.3602333333,-0.3406,-0.3238666667,-0.3189,-0.2921,-0.2687333333,-0.2511,-0.2224333333,-0.2113333333,-0.2033333333,-0.1698666667,-0.1464666667,-0.1282,-0.1072333333,-0.09193333333,-0.05716666667,-0.01523333333,0.0046,0.02836666667,0.05986666667,0.085,0.1008666667,0.1220333333,0.1331,0.1534666667,0.1820666667,0.1936,0.2020666667,0.2069333333,0.2297333333,0.2500666667,0.2555666667,0.2760666667,0.2923666667,0.3085666667,0.3161666667,0.3339,0.3527666667,0.3721333333,0.3938666667,0.4166333333,0.4379333333,0.4873666667,0.5260666667,0.6846,0.7093333333,0.7395666667,0.7768666667,0.801,0.8657333333,0.9052333333,0.9473666667,,,,,,,,,,,,,,,,
25,-0.9311,-0.8832333333,-0.8148333333,-0.7796,-0.7360666667,-0.6708333333,-0.6385333333,-0.6105,-0.5809,-0.5451666667,-0.5298,-0.4948333333,-0.4776666667,-0.4365333333,-0.3997,-0.3841333333,-0.3629333333,-0.3156333333,-0.2919666667,-0.252,-0.223,-0.2064333333,-0.1728333333,-0.1425666667,-0.1270333333,-0.1102666667,-0.0791,-0.0314,-0.014,0.003033333333,0.0205,0.04006666667,0.04623333333,0.06946666667,0.1239,0.1334,0.1649,0.1826666667,0.1903,0.2244666667,0.2665,0.3116,0.3614666667,0.4511333333,0.4954,0.5752666667,0.6049666667,0.6428666667,0.6767,0.6953,0.7492666667,0.7908333333,0.8311333333,0.8665,0.9368,,,,,,,,,,,,,,,,,,,,,,,,,,,,,,,,,,
26,-0.9545,-0.8896,-0.8574333333,-0.8361,-0.7960333333,-0.7655,-0.7482666667,-0.7244,-0.6839333333,-0.6686,-0.6335333333,-0.6124,-0.5841666667,-0.5533,-0.5184,-0.4979,-0.4910333333,-0.4674,-0.4411333333,-0.4227333333,-0.4099666667,-0.3977333333,-0.3796,-0.3605,-0.3415,-0.3260666667,-0.3147666667,-0.3087333333,-0.2906333333,-0.2758333333,-0.2654666667,-0.2502666667,-0.2370666667,-0.2216666667,-0.2172333333,-0.1964333333,-0.1829333333,-0.1697,-0.1487,-0.1344,-0.1133333333,-0.09756666667,-0.0787,-0.06126666667,-0.04876666667,-0.0366,-0.01686666667,-0.006966666667,0.01913333333,0.03376666667,0.0401,0.0611,0.06373333333,0.09283333333,0.1143666667,0.1275333333,0.1410666667,0.1909666667,0.2269,0.2673333333,0.3025,0.3268666667,0.3532666667,0.3894333333,0.4558666667,0.5512,0.598,0.6277,0.6573,0.6829,0.7007666667,0.7284666667,0.7631666667,0.8006666667,0.8361666667,0.8713666667,0.8810666667,0.9271,0.9391333333,0.9735,,,,,,,,,
27,-0.9697,-0.8820333333,-0.8546333333,-0.8136666667,-0.7471333333,-0.6746,-0.6531666667,-0.6291333333,-0.6065333333,-0.5735666667,-0.5396333333,-0.4955333333,-0.4719,-0.4470333333,-0.4264,-0.4025666667,-0.3824333333,-0.356,-0.3378666667,-0.3218,-0.3084333333,-0.2958666667,-0.2865333333,-0.2651333333,-0.2462666667,-0.229,-0.2099333333,-0.1981333333,-0.1936,-0.177,-0.147,-0.139,-0.1208666667,-0.0978,-0.08976666667,-0.07406666667,-0.05843333333,-0.049,-0.0286,-0.002166666667,0.0137,0.03376666667,0.05423333333,0.07043333333,0.08723333333,0.09843333333,0.1335,0.1499333333,0.1878333333,0.1994333333,0.2272666667,0.2505,0.2610666667,0.2653666667,0.2932333333,0.323,0.3620666667,0.3847,0.4150666667,0.4702,0.518,0.6081,0.6382666667,0.6614666667,0.6945666667,0.7388333333,0.7468333333,0.7986333333,0.8771333333,0.9032,,,,,,,,,,,,,,,,,,,
28,-0.9588666667,-0.9143666667,-0.8489333333,-0.8164666667,-0.7537333333,-0.7256,-0.6905666667,-0.6791333333,-0.6479,-0.6325666667,-0.5913666667,-0.5587333333,-0.5359333333,-0.5060666667,-0.4654333333,-0.4420333333,-0.4191,-0.3905,-0.3730333333,-0.3542333333,-0.3319,-0.3076666667,-0.2968333333,-0.2768666667,-0.2709333333,-0.2577666667,-0.2433333333,-0.2195666667,-0.1992666667,-0.1774333333,-0.1625666667,-0.1345333333,-0.1204666667,-0.08653333333,-0.06046666667,-0.0544,-0.02696666667,0.005366666667,0.0345,0.0441,0.06353333333,0.09203333333,0.1084666667,0.1192333333,0.1357333333,0.1430666667,0.1656,0.1878333333,0.1963,0.2186,0.2331666667,0.2564333333,0.2687666667,0.3003666667,0.3193333333,0.3334333333,0.3618333333,0.3837666667,0.5032666667,0.5885333333,0.6207333333,0.6652,0.6965666667,0.7116,0.7611333333,0.796,0.8284,0.8521333333,0.8781333333,0.9195,0.9523,,,,,,,,,,,,,,,,,,
29,-0.9766666667,-0.9392,-0.9030333333,-0.8379666667,-0.6872333333,-0.637,-0.578,-0.5327,-0.4431333333,-0.4149666667,-0.3594666667,-0.2668666667,-0.2513333333,-0.2340333333,-0.1987666667,-0.1817666667,-0.1539,-0.1307,-0.1026333333,-0.08866666667,-0.0778,-0.0554,-0.0339,-0.0198,-0.006933333333,0.01936666667,0.0286,0.0517,0.0678,0.08073333333,0.08676666667,0.1104,0.1265666667,0.1549,0.1684666667,0.1906333333,0.2083333333,0.2132666667,0.2402333333,0.2808,0.3067333333,0.3316333333,0.3776666667,0.4008666667,0.4305666667,0.4622666667,0.4932333333,0.5239,0.5809,0.6281333333,0.6575333333,0.6777333333,0.7085333333,0.7658333333,0.7935666667,0.8505,0.9023666667,0.9345333333,,,,,,,,,,,,,,,,,,,,,,,,,,,,,,,
30,-0.8191,-0.7781666667,-0.746,-0.7158333333,-0.6578666667,-0.6216,-0.5869666667,-0.5656666667,-0.5410666667,-0.5265,-0.4998666667,-0.4416666667,-0.4232333333,-0.4076,-0.3679333333,-0.3444666667,-0.3258666667,-0.3126,-0.2893666667,-0.2682666667,-0.2558333333,-0.2463666667,-0.2247,-0.2133666667,-0.1972,-0.1912333333,-0.1741666667,-0.1506333333,-0.1406,-0.1304333333,-0.1161666667,-0.09866666667,-0.07946666667,-0.06353333333,-0.0576,-0.03746666667,-0.02473333333,-0.0037,0.008966666667,0.03523333333,0.05773333333,0.1059333333,0.1403,0.1588,0.1856666667,0.1934333333,0.2284333333,0.2384,0.2668666667,0.2844,0.3164,0.3333333333,0.3498333333,0.3655,0.4013333333,0.4211666667,0.4547,0.4825333333,0.5061666667,0.5295,0.5603333333,0.5957666667,0.6541333333,0.7623666667,0.8005,0.8648,0.9906333333,,,,,,,,,,,,,,,,,,,,,,
31,-0.9924666667,-0.9489333333,-0.9116666667,-0.8077333333,-0.7379,-0.7011666667,-0.6671333333,-0.5509666667,-0.5052,-0.4604,-0.3946666667,-0.3775333333,-0.3557333333,-0.335,-0.3148,-0.3098333333,-0.2864333333,-0.2761,-0.2611333333,-0.2569333333,-0.2324333333,-0.2133333333,-0.1964333333,-0.1787666667,-0.17,-0.1495666667,-0.134,-0.1207,-0.1135,-0.07916666667,-0.0521,-0.03103333333,-0.004633333333,0.0004999999999,0.03116666667,0.04706666667,0.0592,0.06946666667,0.0861,0.1024666667,0.1187666667,0.1463,0.1569333333,0.1855666667,0.1965,0.231,0.2440666667,0.2736666667,0.2944666667,0.3259,0.3465666667,0.3600333333,0.3941666667,0.4302,0.4750666667,0.5353333333,0.5708333333,0.6163666667,0.6824,0.7339333333,0.8209333333,0.9224666667,0.9593333333,0.9908333333,,,,,,,,,,,,,,,,,,,,,,,,,
32,-0.9681,-0.9220333333,-0.7286666667,-0.6092333333,-0.5459333333,-0.5110333333,-0.4295333333,-0.3459333333,-0.312,-0.2143666667,-0.1806333333,-0.1364,-0.1225,-0.0989,-0.07973333333,-0.0567,-0.04516666667,-0.0231,-0.01243333333,0.0137,0.02466666667,0.04386666667,0.05623333333,0.08286666667,0.0949,0.1032666667,0.1376333333,0.1590666667,0.1768666667,0.1866,0.2035333333,0.2132666667,0.2239666667,0.2337,0.2369666667,0.2505333333,0.2655,0.2756333333,0.2787333333,0.3006,0.3145333333,0.3263333333,0.3399,0.3454,0.3565666667,0.3822,0.3886,0.4048333333,0.4071333333,0.4244666667,0.4490333333,0.4684666667,0.4849,0.4993,0.5172333333,0.5384,0.5668,0.5903,0.6179333333,0.7140666667,0.7390666667,0.7712,0.8242333333,0.8589666667,0.9039,0.9259666667,0.9474,0.9601666667,0.9901,,,,,,,,,,,,,,,,,,,,
33,-0.9563,-0.8043666667,-0.7564666667,-0.7127333333,-0.6572666667,-0.5986666667,-0.5578,-0.4755333333,-0.4376666667,-0.4076333333,-0.3653666667,-0.3448,-0.3239333333,-0.3121,-0.2877333333,-0.2717333333,-0.2535,-0.2437666667,-0.233,-0.2172,-0.2016666667,-0.1897,-0.1867666667,-0.1721666667,-0.1616,-0.1564333333,-0.1440666667,-0.1271666667,-0.1118333333,-0.09823333333,-0.08483333333,-0.06953333333,-0.06166666667,-0.05506666667,-0.03633333333,-0.02513333333,0.0034,0.03526666667,0.0612,0.1091,0.146,0.1717,0.1934333333,0.2367666667,0.2520333333,0.2926,0.3044333333,0.3252666667,0.3513,0.3696333333,0.3954333333,0.4074,0.4391,0.4605,0.4908666667,0.5392333333,0.6096333333,0.6855666667,0.7954,0.8123666667,0.8505333333,0.8686666667,0.9234666667,0.9521333333,0.9766333333,,,,,,,,,,,,,,,,,,,,,,,,
34,-0.9835,-0.8967,-0.8533,-0.7886333333,-0.7412666667,-0.6622666667,-0.6296,-0.5452,-0.4391666667,-0.3814666667,-0.3586666667,-0.3258333333,-0.3066666667,-0.2839333333,-0.2592333333,-0.2279,-0.2117333333,-0.1922333333,-0.1835666667,-0.1651333333,-0.1546,-0.1239,-0.1103333333,-0.0953,-0.0727,-0.05863333333,-0.0521,-0.03116666667,-0.01656666667,0.007,0.01573333333,0.03286666667,0.0447,0.05733333333,0.07783333333,0.0956,0.1119,0.1300666667,0.1484,0.1709333333,0.1799333333,0.1992,0.2218333333,0.2400666667,0.2575666667,0.2687333333,0.2730666667,0.3009666667,0.3323,0.3578,0.3762666667,0.4051666667,0.4271,0.4575,0.484,0.5066333333,0.582,0.6336333333,0.6724666667,0.7040666667,0.7594,0.7899333333,0.8115,0.8302,0.8635666667,0.8993,0.9326666667,0.9541666667,0.9816333333,,,,,,,,,,,,,,,,,,,,
35,-0.9833,-0.8502666667,-0.6991,-0.5478333333,-0.4715,-0.4066,-0.38,-0.3483333333,-0.3061333333,-0.2765666667,-0.2292666667,-0.2000333333,-0.1543,-0.1422666667,-0.1193,-0.08916666667,-0.06616666667,-0.04273333333,-0.03583333333,-0.02226666667,-0.006366666667,0.003466666667,0.01476666667,0.02743333333,0.04843333333,0.0677,0.08073333333,0.08743333333,0.09833333333,0.1137666667,0.1299333333,0.1349666667,0.1588666667,0.1893,0.2055666667,0.2159333333,0.2408,0.2546,0.2659333333,0.2879333333,0.3083333333,0.3307,0.3782,0.3985,0.4194666667,0.4667666667,0.5105666667,0.5560666667,0.6106666667,0.6645666667,0.7979,0.8507333333,0.8888,0.9130666667,0.9271333333,0.9529,0.9904666667,,,,,,,,,,,,,,,,,,,,,,,,,,,,,,,,
36,-0.9785,-0.9537666667,-0.9247666667,-0.8809333333,-0.8540666667,-0.8404,-0.8208333333,-0.7654666667,-0.7250333333,-0.6401,-0.6099333333,-0.5776,-0.5443333333,-0.4966,-0.4623,-0.4288666667,-0.4070666667,-0.3894,-0.3769333333,-0.3553666667,-0.3504,-0.3266666667,-0.3111,-0.2909,-0.2681666667,-0.2459666667,-0.2282333333,-0.1955,-0.1765666667,-0.1538333333,-0.1366333333,-0.1221666667,-0.1063666667,-0.0862,-0.06956666667,-0.0571,-0.0247,-0.0083,0.0121,0.03676666667,0.0714,0.07606666667,0.1095,0.1249666667,0.1528666667,0.1716666667,0.2040333333,0.2247,0.2386,0.2657666667,0.2941333333,0.3272333333,0.3806666667,0.5247666667,0.6128333333,0.6496,0.6916666667,0.7342,0.7482666667,0.7966333333,0.8342,0.8897333333,0.9244,,,,,,,,,,,,,,,,,,,,,,,,,,
37,-0.9826666667,-0.9636333333,-0.9434333333,-0.8836666667,-0.8325666667,-0.8103333333,-0.7789666667,-0.7533666667,-0.6673333333,-0.6191333333,-0.5258666667,-0.4589,-0.4383666667,-0.4033,-0.3807333333,-0.3640666667,-0.3273666667,-0.3081666667,-0.2489666667,-0.2246,-0.204,-0.1393,-0.1124666667,-0.0889,-0.05346666667,-0.03813333333,0.01323333333,0.04236666667,0.05906666667,0.06803333333,0.1121333333,0.1308,0.1483333333,0.1622333333,0.1855,0.2003666667,0.2146666667,0.2269,0.2436,0.2681666667,0.2751666667,0.2894,0.3044666667,0.3177,0.3359,0.347,0.3545666667,0.3843666667,0.4074666667,0.4161333333,0.4454,0.4495,0.4727333333,0.488,0.5074666667,0.5258333333,0.5417333333,0.5901,0.633,0.8605333333,0.9464,0.9964,,,,,,,,,,,,,,,,,,,,,,,,,,,
38,-0.9821666667,-0.9600333333,-0.9383333333,-0.9103333333,-0.8621666667,-0.8389,-0.7928,-0.7515333333,-0.6996666667,-0.6265333333,-0.5408,-0.4734333333,-0.4307333333,-0.4068666667,-0.383,-0.3404333333,-0.2932,-0.2380666667,-0.2088333333,-0.1634333333,-0.1446,-0.09126666667,-0.04096666667,-0.01653333333,0.0205,0.04533333333,0.07136666667,0.095,0.1201333333,0.1305,0.1534,0.1770333333,0.1894666667,0.2082333333,0.2271,0.2524666667,0.2748666667,0.2913333333,0.3130666667,0.3284333333,0.3432666667,0.3629333333,0.3871,0.4059333333,0.4313,0.4479333333,0.4586666667,0.5198,0.5611,0.5923333333,0.6079333333,0.6493,0.6749333333,0.6942666667,0.7278666667,0.7546333333,0.7871333333,0.8277,0.9094,0.9489666667,0.9872,,,,,,,,,,,,,,,,,,,,,,,,,,,,
39,-0.9833333333,-0.9472333333,-0.9212666667,-0.8283333333,-0.7543333333,-0.7218,-0.6684333333,-0.6314333333,-0.6203333333,-0.5927666667,-0.5440333333,-0.4924666667,-0.4679,-0.4312333333,-0.4070666667,-0.3708666667,-0.3631333333,-0.3291333333,-0.3179666667,-0.3017666667,-0.2776666667,-0.2697333333,-0.2499,-0.2314333333,-0.2246666667,-0.2049333333,-0.1933,-0.1790333333,-0.1637666667,-0.1464333333,-0.1389666667,-0.1319333333,-0.1126333333,-0.1062333333,-0.08663333333,-0.07866666667,-0.068,-0.06196666667,-0.04256666667,-0.0332,-0.007766666667,0.006333333333,0.01256666667,0.0333,0.0629,0.09103333333,0.1093666667,0.1365333333,0.1555333333,0.1858,0.1908333333,0.2132,0.2338333333,0.2599,0.2745,0.2907,0.3181,0.3311666667,0.3560333333,0.378,0.3922333333,0.4252666667,0.4577,0.4752333333,0.5129666667,0.5228333333,0.5668333333,0.617,0.6467666667,0.7627666667,0.8024666667,0.8302666667,0.8651,0.9043666667,0.9385,,,,,,,,,,,,,,
40,-0.7493,-0.6889,-0.6493,-0.5754666667,-0.5259333333,-0.4892333333,-0.4603333333,-0.4252,-0.3967333333,-0.3703333333,-0.3408,-0.3185333333,-0.3045666667,-0.2841666667,-0.2571,-0.2425333333,-0.2194333333,-0.2052666667,-0.1927666667,-0.1785333333,-0.1717333333,-0.1354333333,-0.1165333333,-0.1007666667,-0.08836666667,-0.0662,-0.05286666667,-0.01916666667,0.01476666667,0.0556,0.1077666667,0.1688,0.2002,0.2182666667,0.2532666667,0.2825666667,0.3129666667,0.3581666667,0.3839,0.4287,0.4437666667,0.468,0.5073,0.5428333333,0.5822,0.6084,0.6605,0.7354,0.7945333333,0.8561666667,0.8896,0.9169666667,0.9694,,,,,,,,,,,,,,,,,,,,,,,,,,,,,,,,,,,,
41,-0.8996666667,-0.8619666667,-0.8129666667,-0.7619333333,-0.7371333333,-0.6991333333,-0.6164,-0.5481333333,-0.5152666667,-0.4633,-0.4307,-0.3967666667,-0.3656333333,-0.3282666667,-0.3121333333,-0.3032,-0.2754666667,-0.2582333333,-0.2402666667,-0.2253333333,-0.2088666667,-0.1959,-0.1745,-0.1555333333,-0.1429333333,-0.1308333333,-0.1212333333,-0.1131666667,-0.09143333333,-0.06936666667,-0.05663333333,-0.0317,-0.005533333333,0.02553333333,0.03663333333,0.06283333333,0.08046666667,0.1137666667,0.1465666667,0.162,0.1924333333,0.2382333333,0.2691333333,0.2926666667,0.3327333333,0.3601666667,0.4173,0.4446333333,0.4994333333,0.5522333333,0.5870666667,0.6124666667,0.6308666667,0.6844666667,0.7212,0.7408666667,0.7760333333,0.8295333333,0.8706,0.9529333333,,,,,,,,,,,,,,,,,,,,,,,,,,,,,
42,-0.9621,-0.9115666667,-0.8354666667,-0.7439333333,-0.6645333333,-0.5644,-0.5142333333,-0.4709333333,-0.3491333333,-0.203,-0.1604333333,-0.1512,-0.1133666667,-0.08116666667,-0.05826666667,-0.04063333333,-0.001166666667,0.02676666667,0.04593333333,0.0663,0.08633333333,0.0987,0.1267666667,0.1490333333,0.1737333333,0.1830666667,0.2046,0.2256333333,0.2411,0.2624,0.2802,0.2925666667,0.3159666667,0.3256333333,0.3439333333,0.3641,0.3838,0.4078666667,0.4312666667,0.4474333333,0.4637,0.4889666667,0.5041333333,0.5299,0.5643333333,0.5975666667,0.6212,0.6591,0.7136666667,0.7528666667,0.7897,0.8180666667,0.8625,0.9017,0.9626666667,,,,,,,,,,,,,,,,,,,,,,,,,,,,,,,,,,
43,-0.9764333333,-0.9511333333,-0.8755333333,-0.8222666667,-0.5879,-0.5230333333,-0.4244666667,-0.3692333333,-0.3010333333,-0.2678,-0.2493666667,-0.2244,-0.1981333333,-0.1794,-0.1608,-0.1481666667,-0.1221666667,-0.09836666667,-0.0852,-0.0656,-0.06053333333,-0.04723333333,-0.03196666667,-0.02756666667,-0.01523333333,-0.0086,0.01496666667,0.02133333333,0.0313,0.03433333333,0.05916666667,0.06936666667,0.09386666667,0.1049666667,0.1326,0.1490333333,0.1775666667,0.2502,0.2690666667,0.3103666667,0.3410333333,0.3620333333,0.3855333333,0.4235,0.4666666667,0.4878,0.5428333333,0.6118333333,0.6448666667,0.6847333333,0.7265333333,0.8016666667,0.8480333333,0.8648,0.9057666667,0.921,0.9614,,,,,,,,,,,,,,,,,,,,,,,,,,,,,,,,
44,-0.9942333333,-0.955,-0.8981,-0.8682666667,-0.8545666667,-0.8475333333,-0.8152666667,-0.7845666667,-0.7542,-0.7350666667,-0.7018666667,-0.6693333333,-0.6524,-0.6227333333,-0.5983,-0.5850666667,-0.5597333333,-0.5086,-0.4797,-0.4578666667,-0.4109666667,-0.384,-0.3744333333,-0.3453333333,-0.3302333333,-0.3108333333,-0.2621,-0.2278,-0.2053,-0.1706666667,-0.1555,-0.1449333333,-0.1071,-0.09576666667,-0.07733333333,-0.02903333333,-0.0073,0.002566666667,0.02003333333,0.03613333333,0.04766666667,0.0575,0.08576666667,0.1019333333,0.1173666667,0.1394,0.1484,0.1750333333,0.1974333333,0.2137666667,0.2537666667,0.2681666667,0.2825666667,0.2854333333,0.3209333333,0.3499333333,0.3760666667,0.4073333333,0.4380666667,0.4811333333,0.5225,0.5475333333,0.6034666667,0.6292333333,0.6897666667,0.7336333333,0.7552,0.7927666667,0.8351333333,0.8886,0.9151333333,0.9434666667,,,,,,,,,,,,,,,,,
45,-0.9682,-0.9463666667,-0.9200333333,-0.9001,-0.8431,-0.8261,-0.7899666667,-0.7565333333,-0.7140333333,-0.6861,-0.6490666667,-0.6016,-0.5670333333,-0.5413666667,-0.4865,-0.4659,-0.4514666667,-0.4175666667,-0.4029666667,-0.3887333333,-0.3543666667,-0.3320333333,-0.3069,-0.2856333333,-0.2574666667,-0.2497,-0.2198,-0.1999,-0.1702666667,-0.1521,-0.1297666667,-0.1035,-0.0842,-0.0596,-0.0417,-0.02156666667,0.009933333333,0.02803333333,0.04973333333,0.06966666667,0.0952,0.1177,0.1244666667,0.1478333333,0.1641333333,0.1749666667,0.1900333333,0.2287,0.2480666667,0.2684666667,0.2858,0.306,0.3196666667,0.3463333333,0.3822666667,0.3957,0.4223,0.4474666667,0.4685666667,0.5135,0.5360666667,0.6047333333,0.6507666667,0.6891,0.7189666667,0.7415666667,0.7589,0.7918666667,0.8081666667,0.8372333333,0.8621666667,0.8868333333,0.9052666667,0.9277666667,0.9537333333,0.9775666667,,,,,,,,,,,,,
46,-0.9502666667,-0.9230666667,-0.8843,-0.8394333333,-0.7964,-0.7609666667,-0.7350666667,-0.6941333333,-0.6730666667,-0.6403333333,-0.6294333333,-0.5994,-0.5667333333,-0.5379333333,-0.5131333333,-0.4991,-0.4769,-0.4507333333,-0.4332,-0.4136333333,-0.3947,-0.3809666667,-0.3646,-0.3426666667,-0.3282,-0.2985333333,-0.2741333333,-0.2561666667,-0.2257333333,-0.2095,-0.1821,-0.1464666667,-0.1283666667,-0.08663333333,-0.0653,-0.04976666667,-0.01983333333,0.0071,0.02963333333,0.05156666667,0.07236666667,0.09916666667,0.1234,0.1485,0.1748333333,0.2014666667,0.2250333333,0.2486333333,0.2798333333,0.3123333333,0.363,0.4371333333,0.5713333333,0.6161,0.6490666667,0.6883333333,0.7450333333,0.7768666667,0.853,0.9645666667,,,,,,,,,,,,,,,,,,,,,,,,,,,,,
47,-0.9954,-0.9630333333,-0.9179,-0.8739333333,-0.8588666667,-0.8207,-0.7733333333,-0.7547333333,-0.7108333333,-0.6768,-0.6382,-0.6035333333,-0.5640333333,-0.5475666667,-0.4626666667,-0.4264,-0.3808333333,-0.3375333333,-0.2995333333,-0.2597333333,-0.2346333333,-0.1833666667,-0.1477,-0.1150666667,-0.07753333333,-0.03333333333,-0.0103,0.03463333333,0.0646,0.07673333333,0.09733333333,0.1180333333,0.1372333333,0.1574,0.1783,0.1985,0.2225666667,0.2476,0.2644333333,0.2804666667,0.3013666667,0.3093,0.3426333333,0.3782,0.3945,0.4084,0.4135666667,0.4546,0.4741333333,0.5223,0.5583,0.6088333333,0.6608666667,0.7123666667,0.7404333333,0.7738666667,0.8146333333,0.8495,0.9006333333,0.9248666667,0.9486666667,0.9889666667,,,,,,,,,,,,,,,,,,,,,,,,,,,
48,-0.9956666667,-0.9712666667,-0.9241333333,-0.8389,-0.7983,-0.7579333333,-0.7037333333,-0.6295,-0.5928,-0.5222666667,-0.4728666667,-0.3144,-0.2914,-0.2557333333,-0.2187333333,-0.1786666667,-0.1211,-0.077,-0.0471,-0.0326,-0.01356666667,0.003633333333,0.0161,0.03366666667,0.06076666667,0.0811,0.09533333333,0.1163666667,0.1385,0.1652666667,0.1855666667,0.2065,0.2341666667,0.2609666667,0.2769666667,0.3131666667,0.3347666667,0.3448666667,0.3688333333,0.4052333333,0.4265,0.5035,0.6077333333,0.659,0.6855333333,0.7447333333,0.8265,0.8554666667,0.9136666667,,,,,,,,,,,,,,,,,,,,,,,,,,,,,,,,,,,,,,,,
49,-0.9621,-0.9115666667,-0.8354666667,-0.7439333333,-0.6645333333,-0.5644,-0.5142333333,-0.4709333333,-0.3491333333,-0.203,-0.1604333333,-0.1512,-0.1133666667,-0.08116666667,-0.05826666667,-0.04063333333,-0.001166666667,0.02676666667,0.04593333333,0.0663,0.08633333333,0.0987,0.1267666667,0.1490333333,0.1737333333,0.1830666667,0.2046,0.2256333333,0.2411,0.2624,0.2802,0.2925666667,0.3159666667,0.3256333333,0.3439333333,0.3641,0.3838,0.4078666667,0.4312666667,0.4474333333,0.4637,0.4889666667,0.5041333333,0.5299,0.5643333333,0.5975666667,0.6212,0.6591,0.7136666667,0.7528666667,0.7897,0.8180666667,0.8625,0.9017,0.9626666667,,,,,,,,,,,,,,,,,,,,,,,,,,,,,,,,,,
50,-0.9673333333,-0.8714666667,-0.7769666667,-0.7368,-0.7126333333,-0.6680333333,-0.5867,-0.5337666667,-0.4716333333,-0.4027,-0.3542333333,-0.3270666667,-0.2826333333,-0.2618,-0.2481,-0.2037333333,-0.1702666667,-0.1523666667,-0.1234666667,-0.0925,-0.06783333333,-0.0519,-0.02436666667,-0.0025,0.01466666667,0.0376,0.04606666667,0.06763333333,0.08253333333,0.1057,0.1158,0.1379333333,0.1598666667,0.1655666667,0.1830333333,0.1935,0.2158,0.2534666667,0.2717,0.2996333333,0.3333,0.371,0.4267333333,0.5391,0.6061666667,0.6749666667,0.718,0.7357666667,0.7501333333,0.8236666667,0.8526666667,0.8819,0.9431333333,0.9892333333,,,,,,,,,,,,,,,,,,,,,,,,,,,,,,,,,,,